Date,Sumber,ID,Nilai,Keterangan
2024-01-29 10:53:06,tokped,INV/20231229/MPL/3651373960,-40500,Pemotongan Biaya Layanan Power Merchant Pro - INV/20231229/MPL/3651373960
2024-01-29 10:53:06,tokped,INV/20231229/MPL/3651373960,900000,Transaksi Penjualan Berhasil - INV/20231229/MPL/3651373960
2024-01-24 11:30:31,tokped,INV/20240112/MPL/3675955492,-15525,Pemotongan Biaya Layanan Power Merchant Pro - INV/20240112/MPL/3675955492
2024-01-24 11:30:31,tokped,INV/20240112/MPL/3675955492,345000,Transaksi Penjualan Berhasil - INV/20240112/MPL/3675955492
2024-01-23 16:40:14,tokped,,2328,Cashback atas pengiriman cashless JNE Cashless JTR Dec 2023 | Total Ongkos Kirim Rp 80000
2024-01-23 16:21:33,tokped,,5908,Cashback atas pengiriman cashless JNE Cashless YES Dec 2023 | Total Ongkos Kirim Rp 203000
2024-01-23 10:21:01,tokped,,-300000,Penggunaan Saldo Tokopedia untuk pembelian dari Tokopedia Ads. [ID Transaksi: 4445488599]
2024-01-12 19:00:32,tokped,INV/20231223/MPL/3641024369,-49500,Pemotongan Biaya Layanan Power Merchant Pro - INV/20231223/MPL/3641024369
2024-01-12 19:00:32,tokped,INV/20231223/MPL/3641024369,1100000,Transaksi Penjualan Berhasil - INV/20231223/MPL/3641024369
2024-01-10 11:30:11,tokped,INV/20231221/MPL/3636906980,-65025,Pemotongan Biaya Layanan Power Merchant Pro - INV/20231221/MPL/3636906980
2024-01-10 11:30:11,tokped,INV/20231221/MPL/3636906980,1445000,Transaksi Penjualan Berhasil - INV/20231221/MPL/3636906980
2024-01-05 20:15:07,tokped,,-300000,Penggunaan Saldo Tokopedia untuk pembelian dari Tokopedia Ads. [ID Transaksi: 4406354871]
2024-01-01 19:56:04,tokped,INV/20231221/MPL/3637707904,-22950,Pemotongan Biaya Layanan Power Merchant Pro - INV/20231221/MPL/3637707904
2024-01-01 19:56:04,tokped,INV/20231221/MPL/3637707904,510000,Transaksi Penjualan Berhasil - INV/20231221/MPL/3637707904
2024-01-09 20:37:00,shopee,,-111000,Isi Ulang Saldo Iklan/Koin Penjual
2024-01-30 0:00:00,etsy,,-347,VAT: auto-renew expired auto-renew expired: 1281688570
2024-01-30 0:00:00,etsy,,-347,VAT: auto-renew expired auto-renew expired: 1295728307
2024-01-30 0:00:00,etsy,,-347,VAT: auto-renew expired auto-renew expired: 1295727873
2024-01-30 0:00:00,etsy,,-347,VAT: auto-renew expired auto-renew expired: 1295722259
2024-01-30 0:00:00,etsy,,-347,VAT: auto-renew expired auto-renew expired: 1295712029
2024-01-30 0:00:00,etsy,,-347,VAT: auto-renew expired auto-renew expired: 1295725191
2024-01-30 0:00:00,etsy,,-347,VAT: auto-renew expired auto-renew expired: 1295711603
2024-01-30 0:00:00,etsy,,-347,VAT: auto-renew expired auto-renew expired: 1281685144
2024-01-30 0:00:00,etsy,,-347,VAT: auto-renew expired auto-renew expired: 1295708707
2024-01-30 0:00:00,etsy,,-347,VAT: auto-renew expired auto-renew expired: 1295717969
2024-01-30 0:00:00,etsy,,-347,VAT: auto-renew expired auto-renew expired: 1295716643
2024-01-30 0:00:00,etsy,,-347,VAT: auto-renew expired auto-renew expired: 1281683604
2024-01-30 0:00:00,etsy,,-347,VAT: auto-renew expired auto-renew expired: 1281704518
2024-01-30 0:00:00,etsy,,-347,VAT: auto-renew expired auto-renew expired: 1295720205
2024-01-30 0:00:00,etsy,,-347,VAT: auto-renew expired auto-renew expired: 1281694222
2024-01-30 0:00:00,etsy,,-347,VAT: auto-renew expired auto-renew expired: 1281693462
2024-01-30 0:00:00,etsy,,-347,VAT: auto-renew expired auto-renew expired: 1295719367
2024-01-30 0:00:00,etsy,,-347,VAT: auto-renew expired auto-renew expired: 1295716119
2024-01-30 0:00:00,etsy,,-347,VAT: auto-renew expired auto-renew expired: 1295715645
2024-01-30 0:00:00,etsy,,-347,VAT: auto-renew expired auto-renew expired: 1281684892
2024-01-30 0:00:00,etsy,,-3158,Listing fee ($0.20 USD) Listing #1281688570
2024-01-30 0:00:00,etsy,,-347,VAT: auto-renew expired auto-renew expired: 1281703540
2024-01-30 0:00:00,etsy,,-347,VAT: auto-renew expired auto-renew expired: 1295708001
2024-01-30 0:00:00,etsy,,-347,VAT: auto-renew expired auto-renew expired: 1281698820
2024-01-30 0:00:00,etsy,,-347,VAT: auto-renew expired auto-renew expired: 1281703292
2024-01-30 0:00:00,etsy,,-347,VAT: auto-renew expired auto-renew expired: 1281684590
2024-01-30 0:00:00,etsy,,-347,VAT: auto-renew expired auto-renew expired: 1295710305
2024-01-30 0:00:00,etsy,,-3158,Listing fee ($0.20 USD) Listing #1295728307
2024-01-30 0:00:00,etsy,,-347,VAT: auto-renew expired auto-renew expired: 1281696276
2024-01-30 0:00:00,etsy,,-347,VAT: auto-renew expired auto-renew expired: 1295713525
2024-01-30 0:00:00,etsy,,-347,VAT: auto-renew expired auto-renew expired: 1295709993
2024-01-30 0:00:00,etsy,,-347,VAT: auto-renew expired auto-renew expired: 1281695536
2024-01-30 0:00:00,etsy,,-3158,Listing fee ($0.20 USD) Listing #1295722259
2024-01-30 0:00:00,etsy,,-3158,Listing fee ($0.20 USD) Listing #1295712029
2024-01-30 0:00:00,etsy,,-3158,Listing fee ($0.20 USD) Listing #1295725191
2024-01-30 0:00:00,etsy,,-3158,Listing fee ($0.20 USD) Listing #1295727873
2024-01-30 0:00:00,etsy,,-3158,Listing fee ($0.20 USD) Listing #1295717969
2024-01-30 0:00:00,etsy,,-3158,Listing fee ($0.20 USD) Listing #1295711603
2024-01-30 0:00:00,etsy,,-347,VAT: auto-renew expired auto-renew expired: 1295711199
2024-01-30 0:00:00,etsy,,-347,VAT: auto-renew expired auto-renew expired: 1281702642
2024-01-30 0:00:00,etsy,,-347,VAT: auto-renew expired auto-renew expired: 1281691770
2024-01-30 0:00:00,etsy,,-347,VAT: auto-renew expired auto-renew expired: 1295716907
2024-01-30 0:00:00,etsy,,-3158,Listing fee ($0.20 USD) Listing #1281685144
2024-01-30 0:00:00,etsy,,-3158,Listing fee ($0.20 USD) Listing #1295708707
2024-01-30 0:00:00,etsy,,-3158,Listing fee ($0.20 USD) Listing #1281683604
2024-01-30 0:00:00,etsy,,-3158,Listing fee ($0.20 USD) Listing #1281704518
2024-01-30 0:00:00,etsy,,-347,VAT: auto-renew expired auto-renew expired: 1281701414
2024-01-30 0:00:00,etsy,,-347,VAT: auto-renew expired auto-renew expired: 1295715897
2024-01-30 0:00:00,etsy,,-347,VAT: auto-renew expired auto-renew expired: 1281691086
2024-01-30 0:00:00,etsy,,-3158,Listing fee ($0.20 USD) Listing #1295716643
2024-01-30 0:00:00,etsy,,-3158,Listing fee ($0.20 USD) Listing #1295720205
2024-01-30 0:00:00,etsy,,-3158,Listing fee ($0.20 USD) Listing #1281694222
2024-01-30 0:00:00,etsy,,-3158,Listing fee ($0.20 USD) Listing #1281693462
2024-01-30 0:00:00,etsy,,-347,VAT: auto-renew expired auto-renew expired: 1281696666
2024-01-30 0:00:00,etsy,,-347,VAT: auto-renew expired auto-renew expired: 1295714967
2024-01-30 0:00:00,etsy,,-3158,Listing fee ($0.20 USD) Listing #1295716119
2024-01-30 0:00:00,etsy,,-3158,Listing fee ($0.20 USD) Listing #1295719367
2024-01-30 0:00:00,etsy,,-3158,Listing fee ($0.20 USD) Listing #1281703540
2024-01-30 0:00:00,etsy,,-347,VAT: auto-renew expired auto-renew expired: 1295714479
2024-01-30 0:00:00,etsy,,-3158,Listing fee ($0.20 USD) Listing #1295715645
2024-01-30 0:00:00,etsy,,-3158,Listing fee ($0.20 USD) Listing #1295708001
2024-01-30 0:00:00,etsy,,-347,VAT: auto-renew expired auto-renew expired: 1281690392
2024-01-30 0:00:00,etsy,,-347,VAT: auto-renew expired auto-renew expired: 1281692294
2024-01-30 0:00:00,etsy,,-3158,Listing fee ($0.20 USD) Listing #1281684892
2024-01-30 0:00:00,etsy,,-3158,Listing fee ($0.20 USD) Listing #1281698820
2024-01-30 0:00:00,etsy,,-3158,Listing fee ($0.20 USD) Listing #1281703292
2024-01-30 0:00:00,etsy,,-3158,Listing fee ($0.20 USD) Listing #1281684590
2024-01-30 0:00:00,etsy,,-347,VAT: auto-renew expired auto-renew expired: 1281696016
2024-01-30 0:00:00,etsy,,-3158,Listing fee ($0.20 USD) Listing #1295710305
2024-01-30 0:00:00,etsy,,-3158,Listing fee ($0.20 USD) Listing #1281696276
2024-01-30 0:00:00,etsy,,-347,VAT: auto-renew expired auto-renew expired: 1281689976
2024-01-30 0:00:00,etsy,,-347,VAT: auto-renew expired auto-renew expired: 1295723783
2024-01-30 0:00:00,etsy,,-3158,Listing fee ($0.20 USD) Listing #1295713525
2024-01-30 0:00:00,etsy,,-3158,Listing fee ($0.20 USD) Listing #1295709993
2024-01-30 0:00:00,etsy,,-3158,Listing fee ($0.20 USD) Listing #1281695536
2024-01-30 0:00:00,etsy,,-3158,Listing fee ($0.20 USD) Listing #1295711199
2024-01-30 0:00:00,etsy,,-3158,Listing fee ($0.20 USD) Listing #1281702642
2024-01-30 0:00:00,etsy,,-3158,Listing fee ($0.20 USD) Listing #1281691770
2024-01-30 0:00:00,etsy,,-3158,Listing fee ($0.20 USD) Listing #1295716907
2024-01-30 0:00:00,etsy,,-347,VAT: auto-renew expired auto-renew expired: 1295709391
2024-01-30 0:00:00,etsy,,-347,VAT: auto-renew expired auto-renew expired: 1295723515
2024-01-30 0:00:00,etsy,,-3158,Listing fee ($0.20 USD) Listing #1281701414
2024-01-30 0:00:00,etsy,,-3158,Listing fee ($0.20 USD) Listing #1295715897
2024-01-30 0:00:00,etsy,,-347,VAT: auto-renew expired auto-renew expired: 1295712413
2024-01-30 0:00:00,etsy,,-347,VAT: auto-renew expired auto-renew expired: 1281699926
2024-01-30 0:00:00,etsy,,-3158,Listing fee ($0.20 USD) Listing #1281691086
2024-01-30 0:00:00,etsy,,-347,VAT: auto-renew expired auto-renew expired: 1295714283
2024-01-30 0:00:00,etsy,,-3158,Listing fee ($0.20 USD) Listing #1295714967
2024-01-30 0:00:00,etsy,,-3158,Listing fee ($0.20 USD) Listing #1281696666
2024-01-30 0:00:00,etsy,,-3158,Listing fee ($0.20 USD) Listing #1281690392
2024-01-30 0:00:00,etsy,,-3158,Listing fee ($0.20 USD) Listing #1281692294
2024-01-30 0:00:00,etsy,,-3158,Listing fee ($0.20 USD) Listing #1295714479
2024-01-30 0:00:00,etsy,,-347,VAT: auto-renew expired auto-renew expired: 1281699136
2024-01-30 0:00:00,etsy,,-3158,Listing fee ($0.20 USD) Listing #1281689976
2024-01-30 0:00:00,etsy,,-3158,Listing fee ($0.20 USD) Listing #1281696016
2024-01-30 0:00:00,etsy,,-3158,Listing fee ($0.20 USD) Listing #1295723783
2024-01-30 0:00:00,etsy,,-347,VAT: auto-renew expired auto-renew expired: 1281689696
2024-01-30 0:00:00,etsy,,-347,VAT: auto-renew expired auto-renew expired: 1295713071
2024-01-30 0:00:00,etsy,,-3158,Listing fee ($0.20 USD) Listing #1295709391
2024-01-30 0:00:00,etsy,,-3158,Listing fee ($0.20 USD) Listing #1295723515
2024-01-30 0:00:00,etsy,,-347,VAT: auto-renew expired auto-renew expired: 1281695726
2024-01-30 0:00:00,etsy,,-347,VAT: auto-renew expired auto-renew expired: 1281688936
2024-01-30 0:00:00,etsy,,-3158,Listing fee ($0.20 USD) Listing #1295712413
2024-01-30 0:00:00,etsy,,-3158,Listing fee ($0.20 USD) Listing #1281699926
2024-01-30 0:00:00,etsy,,-3158,Listing fee ($0.20 USD) Listing #1295714283
2024-01-30 0:00:00,etsy,,-347,VAT: auto-renew expired auto-renew expired: 1281700224
2024-01-30 0:00:00,etsy,,-3158,Listing fee ($0.20 USD) Listing #1281699136
2024-01-30 0:00:00,etsy,,-3158,Listing fee ($0.20 USD) Listing #1281689696
2024-01-30 0:00:00,etsy,,-347,VAT: auto-renew expired auto-renew expired: 1281688036
2024-01-30 0:00:00,etsy,,-3158,Listing fee ($0.20 USD) Listing #1295713071
2024-01-30 0:00:00,etsy,,-3158,Listing fee ($0.20 USD) Listing #1281695726
2024-01-30 0:00:00,etsy,,-3158,Listing fee ($0.20 USD) Listing #1281688936
2024-01-30 0:00:00,etsy,,-347,VAT: auto-renew expired auto-renew expired: 1281701694
2024-01-30 0:00:00,etsy,,-3158,Listing fee ($0.20 USD) Listing #1281700224
2024-01-30 0:00:00,etsy,,-347,VAT: auto-renew expired auto-renew expired: 1281687708
2024-01-30 0:00:00,etsy,,-3158,Listing fee ($0.20 USD) Listing #1281688036
2024-01-30 0:00:00,etsy,,-347,VAT: auto-renew expired auto-renew expired: 1281698108
2024-01-30 0:00:00,etsy,,-3158,Listing fee ($0.20 USD) Listing #1281701694
2024-01-30 0:00:00,etsy,,-3158,Listing fee ($0.20 USD) Listing #1281687708
2024-01-30 0:00:00,etsy,,-347,VAT: auto-renew expired auto-renew expired: 1281686184
2024-01-30 0:00:00,etsy,,-3158,Listing fee ($0.20 USD) Listing #1281698108
2024-01-30 0:00:00,etsy,,-3158,Listing fee ($0.20 USD) Listing #1281686184
2024-01-30 0:00:00,etsy,,-347,VAT: auto-renew expired auto-renew expired: 1281697670
2024-01-30 0:00:00,etsy,,-3158,Listing fee ($0.20 USD) Listing #1281697670
2024-01-30 0:00:00,etsy,,-347,VAT: auto-renew expired auto-renew expired: 1281697002
2024-01-30 0:00:00,etsy,,-3158,Listing fee ($0.20 USD) Listing #1281697002
2024-01-30 0:00:00,etsy,,-347,VAT: auto-renew expired auto-renew expired: 1281694486
2024-01-30 0:00:00,etsy,,-3158,Listing fee ($0.20 USD) Listing #1281694486
2024-01-28 0:00:00,etsy,3195922546,-49144,VAT: Processing Fee Order #3195922546
2024-01-28 0:00:00,etsy,3195922546,-7550,VAT: shipping_transaction
2024-01-28 0:00:00,etsy,3195922546,-57905,VAT: transaction transaction: 3951872764
2024-01-28 0:00:00,etsy,3195922546,-68640,Transaction fee: Shipping Order #3195922546
2024-01-28 0:00:00,etsy,3195922546,-526412,Transaction fee: Balinese Handmade Wooden Mahabharata Car... Order #3195922546
2024-01-28 0:00:00,etsy,3195922546,-617939,Sales tax paid by buyer Order #3195922546
2024-01-28 0:00:00,etsy,3195922546,-446767,Processing fee Order #3195922546
2024-01-28 0:00:00,etsy,3195922546,9772589,Payment for Order #3195922546
2024-01-28 0:00:00,etsy,3195922546,-347,VAT: auto-renew sold auto-renew sold : 1295721211
2024-01-28 0:00:00,etsy,3195922546,-3155,Listing fee ($0.20 USD) Listing #1295721211
2024-01-13 0:00:00,etsy,,-342,VAT: auto-renew expired auto-renew expired: 1295705631
2024-01-13 0:00:00,etsy,,-3108,Listing fee ($0.20 USD) Listing #1295705631
2024-01-03 0:00:00,etsy,,-341,VAT: auto-renew expired auto-renew expired: 1295706815
2024-01-03 0:00:00,etsy,,-3102,Listing fee ($0.20 USD) Listing #1295706815
2024-01-03 0:00:00,etsy,,-341,VAT: auto-renew expired auto-renew expired: 1295705231
2024-01-03 0:00:00,etsy,,-3102,Listing fee ($0.20 USD) Listing #1295705231
2024-01-03 0:00:00,etsy,,-341,VAT: auto-renew expired auto-renew expired: 1281683246
2024-01-03 0:00:00,etsy,,-3102,Listing fee ($0.20 USD) Listing #1281683246
2024-01-03 0:00:00,etsy,,-341,VAT: auto-renew expired auto-renew expired: 1295704979
2024-01-03 0:00:00,etsy,,-3102,Listing fee ($0.20 USD) Listing #1295704979
2024-01-03 0:00:00,etsy,,-341,VAT: auto-renew expired auto-renew expired: 1295704641
2024-01-03 0:00:00,etsy,,-3102,Listing fee ($0.20 USD) Listing #1295704641
2024-01-03 0:00:00,etsy,,-341,VAT: auto-renew expired auto-renew expired: 1281681636
2024-01-03 0:00:00,etsy,,-3102,Listing fee ($0.20 USD) Listing #1281681636
2024-01-03 0:00:00,etsy,,-341,VAT: auto-renew expired auto-renew expired: 1295703807
2024-01-03 0:00:00,etsy,,-3102,Listing fee ($0.20 USD) Listing #1295703807
2024-01-03 0:00:00,etsy,,-341,VAT: auto-renew expired auto-renew expired: 1295702783
2024-01-03 0:00:00,etsy,,-3102,Listing fee ($0.20 USD) Listing #1295702783
2024-01-03 0:00:00,etsy,,-341,VAT: auto-renew expired auto-renew expired: 1281680706
2024-01-03 0:00:00,etsy,,-3102,Listing fee ($0.20 USD) Listing #1281680706
2024-01-03 0:00:00,etsy,,-341,VAT: auto-renew expired auto-renew expired: 1281680362
2024-01-03 0:00:00,etsy,,-3102,Listing fee ($0.20 USD) Listing #1281680362
2024-01-03 0:00:00,etsy,,-341,VAT: auto-renew expired auto-renew expired: 1295701491
2024-01-03 0:00:00,etsy,,-3102,Listing fee ($0.20 USD) Listing #1295701491
2024-01-03 0:00:00,etsy,,-341,VAT: auto-renew expired auto-renew expired: 1281679226
2024-01-03 0:00:00,etsy,,-3102,Listing fee ($0.20 USD) Listing #1281679226
2024-01-03 0:00:00,etsy,,-341,VAT: auto-renew expired auto-renew expired: 1295700831
2024-01-03 0:00:00,etsy,,-3098,Listing fee ($0.20 USD) Listing #1295700831
2024-01-03 0:00:00,etsy,,-341,VAT: auto-renew expired auto-renew expired: 1295700015
2024-01-03 0:00:00,etsy,,-3098,Listing fee ($0.20 USD) Listing #1295700015
2024-01-03 0:00:00,etsy,,-341,VAT: auto-renew expired auto-renew expired: 1281678412
2024-01-03 0:00:00,etsy,,-3098,Listing fee ($0.20 USD) Listing #1281678412
2024-01-03 0:00:00,etsy,,-341,VAT: auto-renew expired auto-renew expired: 1281677836
2024-01-03 0:00:00,etsy,,-3098,Listing fee ($0.20 USD) Listing #1281677836
2024-01-03 0:00:00,etsy,,-341,VAT: auto-renew expired auto-renew expired: 1295698877
2024-01-03 0:00:00,etsy,,-3098,Listing fee ($0.20 USD) Listing #1295698877
2024-01-03 0:00:00,etsy,,-341,VAT: auto-renew expired auto-renew expired: 1281677548
2024-01-03 0:00:00,etsy,,-3098,Listing fee ($0.20 USD) Listing #1281677548
2024-01-03 0:00:00,etsy,,-341,VAT: auto-renew expired auto-renew expired: 1295698077
2024-01-03 0:00:00,etsy,,-3098,Listing fee ($0.20 USD) Listing #1295698077
2024-01-03 0:00:00,etsy,,-341,VAT: auto-renew expired auto-renew expired: 1295697849
2024-01-03 0:00:00,etsy,,-3098,Listing fee ($0.20 USD) Listing #1295697849
2024-01-03 0:00:00,etsy,,-340,VAT: auto-renew expired auto-renew expired: 1295672719
2024-01-03 0:00:00,etsy,,-3093,Listing fee ($0.20 USD) Listing #1295672719
2024-01-03 0:00:00,etsy,,-340,VAT: auto-renew expired auto-renew expired: 1295672451
2024-01-03 0:00:00,etsy,,-3093,Listing fee ($0.20 USD) Listing #1295672451
2024-01-03 0:00:00,etsy,,-340,VAT: auto-renew expired auto-renew expired: 1281648508
2024-01-03 0:00:00,etsy,,-3093,Listing fee ($0.20 USD) Listing #1281648508
2024-01-03 0:00:00,etsy,,-341,VAT: auto-renew expired auto-renew expired: 1295670705
2024-01-03 0:00:00,etsy,,-3097,Listing fee ($0.20 USD) Listing #1295670705
2024-01-03 0:00:00,etsy,,-341,VAT: auto-renew expired auto-renew expired: 1281648336
2024-01-03 0:00:00,etsy,,-3097,Listing fee ($0.20 USD) Listing #1281648336
2024-01-03 0:00:00,etsy,,-341,VAT: auto-renew expired auto-renew expired: 1281647858
2024-01-03 0:00:00,etsy,,-3097,Listing fee ($0.20 USD) Listing #1281647858
2024-01-03 0:00:00,etsy,,-341,VAT: auto-renew expired auto-renew expired: 1281647454
2024-01-03 0:00:00,etsy,,-3097,Listing fee ($0.20 USD) Listing #1281647454
2024-01-03 0:00:00,etsy,,-341,VAT: auto-renew expired auto-renew expired: 1281646568
2024-01-03 0:00:00,etsy,,-3097,Listing fee ($0.20 USD) Listing #1281646568
2024-01-03 0:00:00,etsy,,-341,VAT: auto-renew expired auto-renew expired: 1295664631
2024-01-03 0:00:00,etsy,,-3097,Listing fee ($0.20 USD) Listing #1295664631
2024-01-03 0:00:00,etsy,,-341,VAT: auto-renew expired auto-renew expired: 1281641656
2024-01-03 0:00:00,etsy,,-3097,Listing fee ($0.20 USD) Listing #1281641656
2024-01-03 0:00:00,etsy,,-341,VAT: auto-renew expired auto-renew expired: 1295662955
2024-01-03 0:00:00,etsy,,-3097,Listing fee ($0.20 USD) Listing #1295662955
2024-01-03 0:00:00,etsy,,-341,VAT: auto-renew expired auto-renew expired: 1281640116
2024-01-03 0:00:00,etsy,,-3097,Listing fee ($0.20 USD) Listing #1281640116
2024-01-03 0:00:00,etsy,,-341,VAT: auto-renew expired auto-renew expired: 1295662143
2024-01-03 0:00:00,etsy,,-3097,Listing fee ($0.20 USD) Listing #1295662143
2024-01-03 0:00:00,etsy,,-341,VAT: auto-renew expired auto-renew expired: 1295661647
2024-01-03 0:00:00,etsy,,-3097,Listing fee ($0.20 USD) Listing #1295661647
2024-01-03 0:00:00,etsy,,-341,VAT: auto-renew expired auto-renew expired: 1295660663
2024-01-03 0:00:00,etsy,,-3097,Listing fee ($0.20 USD) Listing #1295660663