Date,Sumber,ID,Nilai,Keterangan
2023-06-03 0:00:00,etsy,2912811810,-16710,VAT: Processing Fee - Order #2912811810
2023-06-03 0:00:00,etsy,2912811810,-328,VAT: private listing - private listing: 1436904623
2023-06-03 0:00:00,etsy,2912811810,-4354,VAT: shipping_transaction -
2023-06-03 0:00:00,etsy,2912811810,-17232,VAT: transaction - transaction: 3585700059
2023-06-03 0:00:00,etsy,2912811810,-2980,Listing fee ($0.20 USD) - Listing #1436904623
2023-06-03 0:00:00,etsy,2912811810,-39585,Transaction fee: Shipping - Order #2912811810
2023-06-03 0:00:00,etsy,2912811810,-156650,Transaction fee: Custom Order for Stephan - Order #2912811810
2023-06-03 0:00:00,etsy,2912811810,-201235,Sales tax paid by buyer - Order #2912811810
2023-06-03 0:00:00,etsy,2912811810,-151911,Processing fee - Order #2912811810
2023-06-03 0:00:00,etsy,2912811810,3220235,Payment for Order #2912811810 -
2023-06-04 15:46:19,tokped,INV/20230504/MPL/3213139340,-49725,Pemotongan Biaya Layanan Power Merchant Pro - INV/20230504/MPL/3213139340
2023-06-04 15:46:19,tokped,INV/20230504/MPL/3213139340,1105000,Transaksi Penjualan Berhasil - INV/20230504/MPL/3213139340
2023-06-05 12:01:00,shopee,230524JPV3VTV6,446056,Penghasilan dari Pesanan #230524JPV3VTV6
2023-06-06 0:00:00,etsy,,-327,VAT: auto-renew expired - auto-renew expired: 1318315957
2023-06-06 0:00:00,etsy,,-2976,Listing fee ($0.20 USD) - Listing #1318315957
2023-06-06 0:00:00,etsy,,-327,VAT: auto-renew expired - auto-renew expired: 1318314085
2023-06-06 0:00:00,etsy,,-2976,Listing fee ($0.20 USD) - Listing #1318314085
2023-06-06 0:00:00,etsy,,-327,VAT: auto-renew expired - auto-renew expired: 1304289318
2023-06-06 0:00:00,etsy,,-2976,Listing fee ($0.20 USD) - Listing #1304289318
2023-06-06 0:00:00,etsy,,-327,VAT: auto-renew expired - auto-renew expired: 1318313221
2023-06-06 0:00:00,etsy,,-2976,Listing fee ($0.20 USD) - Listing #1318313221
2023-06-06 0:00:00,etsy,,-327,VAT: auto-renew expired - auto-renew expired: 1318311925
2023-06-06 0:00:00,etsy,,-2976,Listing fee ($0.20 USD) - Listing #1318311925
2023-06-06 0:00:00,etsy,,-327,VAT: auto-renew expired - auto-renew expired: 1304284908
2023-06-06 0:00:00,etsy,,-2976,Listing fee ($0.20 USD) - Listing #1304284908
2023-06-06 0:00:00,etsy,,-327,VAT: auto-renew expired - auto-renew expired: 1318308761
2023-06-06 0:00:00,etsy,,-2976,Listing fee ($0.20 USD) - Listing #1318308761
2023-06-06 0:00:00,etsy,,-327,VAT: auto-renew expired - auto-renew expired: 1304281760
2023-06-06 0:00:00,etsy,,-2976,Listing fee ($0.20 USD) - Listing #1304281760
2023-06-06 0:00:00,etsy,,-327,VAT: auto-renew expired - auto-renew expired: 1318306355
2023-06-06 0:00:00,etsy,,-2976,Listing fee ($0.20 USD) - Listing #1318306355
2023-06-06 0:00:00,etsy,,-327,VAT: auto-renew expired - auto-renew expired: 1304276912
2023-06-06 0:00:00,etsy,,-2976,Listing fee ($0.20 USD) - Listing #1304276912
2023-06-06 0:00:00,etsy,,-327,VAT: auto-renew expired - auto-renew expired: 1318296479
2023-06-06 0:00:00,etsy,,-2975,Listing fee ($0.20 USD) - Listing #1318296479
2023-06-06 0:00:00,etsy,,-327,VAT: auto-renew expired - auto-renew expired: 1318294119
2023-06-06 0:00:00,etsy,,-2975,Listing fee ($0.20 USD) - Listing #1318294119
2023-06-06 0:00:00,etsy,,-327,VAT: auto-renew expired - auto-renew expired: 1304268424
2023-06-06 0:00:00,etsy,,-2975,Listing fee ($0.20 USD) - Listing #1304268424
2023-06-06 0:00:00,etsy,,-327,VAT: auto-renew expired - auto-renew expired: 1318291983
2023-06-06 0:00:00,etsy,,-2975,Listing fee ($0.20 USD) - Listing #1318291983
2023-06-06 0:00:00,etsy,,-327,VAT: auto-renew expired - auto-renew expired: 1304266404
2023-06-06 0:00:00,etsy,,-2975,Listing fee ($0.20 USD) - Listing #1304266404
2023-06-06 0:00:00,etsy,,-327,VAT: auto-renew expired - auto-renew expired: 1304264862
2023-06-06 0:00:00,etsy,,-2975,Listing fee ($0.20 USD) - Listing #1304264862
2023-06-06 0:00:00,etsy,,-327,VAT: auto-renew expired - auto-renew expired: 1318290575
2023-06-06 0:00:00,etsy,,-2975,Listing fee ($0.20 USD) - Listing #1318290575
2023-06-06 0:00:00,etsy,,-327,VAT: auto-renew expired - auto-renew expired: 1304262296
2023-06-06 0:00:00,etsy,,-2975,Listing fee ($0.20 USD) - Listing #1304262296
2023-06-06 0:00:00,etsy,,-327,VAT: auto-renew expired - auto-renew expired: 1318288077
2023-06-06 0:00:00,etsy,,-2975,Listing fee ($0.20 USD) - Listing #1318288077
2023-06-06 0:00:00,etsy,,-327,VAT: auto-renew expired - auto-renew expired: 1318287553
2023-06-06 0:00:00,etsy,,-2975,Listing fee ($0.20 USD) - Listing #1318287553
2023-06-06 0:00:00,etsy,,-327,VAT: auto-renew expired - auto-renew expired: 1318286765
2023-06-06 0:00:00,etsy,,-2975,Listing fee ($0.20 USD) - Listing #1318286765
2023-06-06 0:00:00,etsy,,-327,VAT: auto-renew expired - auto-renew expired: 1304259856
2023-06-06 0:00:00,etsy,,-2975,Listing fee ($0.20 USD) - Listing #1304259856
2023-06-06 0:00:00,etsy,,-327,VAT: auto-renew expired - auto-renew expired: 1304258752
2023-06-06 0:00:00,etsy,,-2975,Listing fee ($0.20 USD) - Listing #1304258752
2023-06-06 0:00:00,etsy,,-327,VAT: auto-renew expired - auto-renew expired: 1318284667
2023-06-06 0:00:00,etsy,,-2975,Listing fee ($0.20 USD) - Listing #1318284667
2023-06-06 0:00:00,etsy,,-327,VAT: auto-renew expired - auto-renew expired: 1304257410
2023-06-06 0:00:00,etsy,,-2975,Listing fee ($0.20 USD) - Listing #1304257410
2023-06-06 0:00:00,etsy,,-327,VAT: auto-renew expired - auto-renew expired: 1318283171
2023-06-06 0:00:00,etsy,,-2975,Listing fee ($0.20 USD) - Listing #1318283171
2023-06-06 0:00:00,etsy,,-327,VAT: auto-renew expired - auto-renew expired: 1318281999
2023-06-06 0:00:00,etsy,,-2975,Listing fee ($0.20 USD) - Listing #1318281999
2023-06-06 0:00:00,etsy,,-327,VAT: auto-renew expired - auto-renew expired: 1304256146
2023-06-06 0:00:00,etsy,,-2975,Listing fee ($0.20 USD) - Listing #1304256146
2023-06-06 0:00:00,etsy,,-327,VAT: auto-renew expired - auto-renew expired: 1304254684
2023-06-06 0:00:00,etsy,,-2975,Listing fee ($0.20 USD) - Listing #1304254684
2023-06-06 0:00:00,etsy,,-327,VAT: auto-renew expired - auto-renew expired: 1304253806
2023-06-06 0:00:00,etsy,,-2975,Listing fee ($0.20 USD) - Listing #1304253806
2023-06-06 0:00:00,etsy,,-327,VAT: auto-renew expired - auto-renew expired: 1304252836
2023-06-06 0:00:00,etsy,,-2975,Listing fee ($0.20 USD) - Listing #1304252836
2023-06-06 12:44:08,tokped,INV/20230517/MPL/3237666682,-16065,Pemotongan Biaya Layanan Power Merchant Pro - INV/20230517/MPL/3237666682
2023-06-06 12:44:08,tokped,INV/20230517/MPL/3237666682,357000,Transaksi Penjualan Berhasil - INV/20230517/MPL/3237666682
2023-06-08 1:31:00,shopee,,-100000,Isi Ulang Saldo Iklan/Koin Penjual
2023-06-10 0:00:00,etsy,,-328,VAT: auto-renew expired - auto-renew expired: 1318305325
2023-06-10 0:00:00,etsy,,-2978,Listing fee ($0.20 USD) - Listing #1318305325
2023-06-12 0:00:00,etsy,,-327,VAT: auto-renew expired - auto-renew expired: 1295721445
2023-06-12 0:00:00,etsy,,-2974,Listing fee ($0.20 USD) - Listing #1295721445
2023-06-14 0:00:00,etsy,,-327,VAT: auto-renew expired - auto-renew expired: 1304271034
2023-06-14 0:00:00,etsy,,-2974,Listing fee ($0.20 USD) - Listing #1304271034
2023-06-17 2:45:00,shopee,2305099HC61R3S,401400,Penghasilan dari Pesanan #2305099HC61R3S
2023-06-17 13:30:11,tokped,INV/20230511/MPL/3226387737,-62100,Pemotongan Biaya Layanan Power Merchant Pro - INV/20230511/MPL/3226387737
2023-06-17 13:30:11,tokped,INV/20230511/MPL/3226387737,1380000,Transaksi Penjualan Berhasil - INV/20230511/MPL/3226387737
2023-06-17 19:29:00,tokped,,-300000,Penggunaan Saldo Tokopedia untuk pembelian dari Tokopedia Ads. [ID Transaksi: 3959075195]
2023-06-18 9:11:00,shopee,,-4529,Penyesuaian Saldo karena Biaya Komisi Jaringan Influencer shopee | {id} | 259226569202306
2023-06-19 8:50:47,tokped,INV/20230603/MPL/3270265363,-16425,Pemotongan Biaya Layanan Power Merchant Pro - INV/20230603/MPL/3270265363
2023-06-19 8:50:47,tokped,INV/20230603/MPL/3270265363,365000,Transaksi Penjualan Berhasil - INV/20230603/MPL/3270265363
2023-06-20 9:06:00,shopee,230419HCQTQD63,10648800,Penghasilan dari Pesanan #230419HCQTQD63
2023-06-22 0:00:00,etsy,,-329,VAT: auto-renew expired - auto-renew expired: 1295667855
2023-06-22 0:00:00,etsy,,-2993,Listing fee ($0.20 USD) - Listing #1295667855
2023-06-23 18:00:52,tokped,,873,Cashback atas pengiriman cashless JNE Cashless YES May 2023 | Total Ongkos Kirim Rp 30000
2023-06-23 19:21:51,tokped,,1601,Cashback atas pengiriman cashless JNE Cashless JTR May 2023 | Total Ongkos Kirim Rp 55000
2023-06-24 16:30:00,shopee,230616HFT5VK1F,546032,Penghasilan dari Pesanan #230616HFT5VK1F
2023-06-25 0:00:00,etsy,2928065265,-53277,VAT: Processing Fee - Order #2928065265
2023-06-25 0:00:00,etsy,2928065265,-7143,VAT: shipping_transaction -
2023-06-25 0:00:00,etsy,2928065265,-64339,VAT: transaction - transaction: 3613678851
2023-06-25 0:00:00,etsy,2928065265,-64935,Transaction fee: Shipping - Order #2928065265
2023-06-25 0:00:00,etsy,2928065265,-584903,Transaction fee: Balinese Wooden Fish Sea Life Carving 30... - Order #2928065265
2023-06-25 0:00:00,etsy,2928065265,-609890,Sales tax paid by buyer - Order #2928065265
2023-06-25 0:00:00,etsy,2928065265,-484333,Processing fee - Order #2928065265
2023-06-25 0:00:00,etsy,2928065265,10607390,Payment for Order #2928065265 -
2023-06-25 0:00:00,etsy,2928065265,-331,VAT: auto-renew sold  - auto-renew sold : 1295721445
2023-06-25 0:00:00,etsy,2928065265,-3005,Listing fee ($0.20 USD) - Listing #1295721445
2023-06-25 3:58:00,shopee,,-100000,Isi Ulang Saldo Iklan/Koin Penjual
2023-06-26 0:00:00,etsy,,-3080,VAT: Deposit fee - for deposit fee on Jun 26
2023-06-26 0:00:00,etsy,,-28000,"Deposit fee - Deposit of Rp 603,847 to account ending in 4470"
2023-06-26 11:12:15,tokped,INV/20230610/MPL/3284125865,-17595,Pemotongan Biaya Layanan Power Merchant Pro - INV/20230610/MPL/3284125865
2023-06-26 11:12:15,tokped,INV/20230610/MPL/3284125865,391000,Transaksi Penjualan Berhasil - INV/20230610/MPL/3284125865
2023-06-30 0:00:00,etsy,2939181656,-77018,VAT: Processing Fee - Order #2939181656
2023-06-30 0:00:00,etsy,2939181656,-164179,VAT: Offsite Ads fee - order: 2939181656
2023-06-30 0:00:00,etsy,2939181656,-13993,VAT: shipping_transaction -
2023-06-30 0:00:00,etsy,2939181656,-26362,VAT: transaction - transaction: 3618218308
2023-06-30 0:00:00,etsy,2939181656,-64339,VAT: transaction - transaction: 3618218310
2023-06-30 0:00:00,etsy,2939181656,-1492537,Fee for sale made through Offsite Ads - Order #2939181656
2023-06-30 0:00:00,etsy,2939181656,-127205,Transaction fee: Shipping - Order #2939181656
2023-06-30 0:00:00,etsy,2939181656,-239655,Transaction fee: Balinese Handmade Wood Carving Goddess S... - Order #2939181656
2023-06-30 0:00:00,etsy,2939181656,-584903,Transaction fee: Balinese Handmade Wood Rama Sita Carving... - Order #2939181656
2023-06-30 0:00:00,etsy,2939181656,-761130,Sales tax paid by buyer - Order #2939181656
2023-06-30 0:00:00,etsy,2939181656,-700163,Processing fee - Order #2939181656
2023-06-30 0:00:00,etsy,2939181656,15403630,Payment for Order #2939181656 -
2023-06-30 0:00:00,etsy,2939181656,-331,VAT: auto-renew sold  - auto-renew sold : 1295722509
2023-06-30 0:00:00,etsy,2939181656,-3007,Listing fee ($0.20 USD) - Listing #1295722509
2023-06-30 0:00:00,etsy,2939181656,-331,VAT: auto-renew sold  - auto-renew sold : 1281703816
2023-06-30 0:00:00,etsy,2939181656,-3007,Listing fee ($0.20 USD) - Listing #1281703816