Date,Sumber,ID,Nilai,Keterangan
2023-09-01 14:07:43,tokped,,437,Cashback atas pengiriman cashless JNE Cashless YES Jul 2023 | Total Ongkos Kirim Rp 15000
2023-09-02 0:00:00,etsy,,-336,VAT: auto-renew expired - auto-renew expired: 1295706815
2023-09-02 0:00:00,etsy,,-3052,Listing fee ($0.20 USD) - Listing #1295706815
2023-09-02 0:00:00,etsy,,-336,VAT: auto-renew expired - auto-renew expired: 1295705231
2023-09-02 0:00:00,etsy,,-3052,Listing fee ($0.20 USD) - Listing #1295705231
2023-09-02 0:00:00,etsy,,-336,VAT: auto-renew expired - auto-renew expired: 1281683246
2023-09-02 0:00:00,etsy,,-3052,Listing fee ($0.20 USD) - Listing #1281683246
2023-09-02 0:00:00,etsy,,-336,VAT: auto-renew expired - auto-renew expired: 1295704979
2023-09-02 0:00:00,etsy,,-3052,Listing fee ($0.20 USD) - Listing #1295704979
2023-09-02 0:00:00,etsy,,-336,VAT: auto-renew expired - auto-renew expired: 1295704641
2023-09-02 0:00:00,etsy,,-3052,Listing fee ($0.20 USD) - Listing #1295704641
2023-09-02 0:00:00,etsy,,-336,VAT: auto-renew expired - auto-renew expired: 1281681636
2023-09-02 0:00:00,etsy,,-3052,Listing fee ($0.20 USD) - Listing #1281681636
2023-09-02 0:00:00,etsy,,-336,VAT: auto-renew expired - auto-renew expired: 1295703807
2023-09-02 0:00:00,etsy,,-3052,Listing fee ($0.20 USD) - Listing #1295703807
2023-09-02 0:00:00,etsy,,-336,VAT: auto-renew expired - auto-renew expired: 1281680706
2023-09-02 0:00:00,etsy,,-3052,Listing fee ($0.20 USD) - Listing #1281680706
2023-09-02 0:00:00,etsy,,-336,VAT: auto-renew expired - auto-renew expired: 1295702783
2023-09-02 0:00:00,etsy,,-3052,Listing fee ($0.20 USD) - Listing #1295702783
2023-09-02 0:00:00,etsy,,-336,VAT: auto-renew expired - auto-renew expired: 1281680362
2023-09-02 0:00:00,etsy,,-3052,Listing fee ($0.20 USD) - Listing #1281680362
2023-09-02 0:00:00,etsy,,-336,VAT: auto-renew expired - auto-renew expired: 1281679226
2023-09-02 0:00:00,etsy,,-3052,Listing fee ($0.20 USD) - Listing #1281679226
2023-09-02 0:00:00,etsy,,-336,VAT: auto-renew expired - auto-renew expired: 1295701491
2023-09-02 0:00:00,etsy,,-3052,Listing fee ($0.20 USD) - Listing #1295701491
2023-09-02 0:00:00,etsy,,-336,VAT: auto-renew expired - auto-renew expired: 1295700831
2023-09-02 0:00:00,etsy,,-3052,Listing fee ($0.20 USD) - Listing #1295700831
2023-09-02 0:00:00,etsy,,-336,VAT: auto-renew expired - auto-renew expired: 1281678412
2023-09-02 0:00:00,etsy,,-3052,Listing fee ($0.20 USD) - Listing #1281678412
2023-09-02 0:00:00,etsy,,-336,VAT: auto-renew expired - auto-renew expired: 1281677836
2023-09-02 0:00:00,etsy,,-3052,Listing fee ($0.20 USD) - Listing #1281677836
2023-09-02 0:00:00,etsy,,-336,VAT: auto-renew expired - auto-renew expired: 1295700015
2023-09-02 0:00:00,etsy,,-3052,Listing fee ($0.20 USD) - Listing #1295700015
2023-09-02 0:00:00,etsy,,-336,VAT: auto-renew expired - auto-renew expired: 1295698877
2023-09-02 0:00:00,etsy,,-3052,Listing fee ($0.20 USD) - Listing #1295698877
2023-09-02 0:00:00,etsy,,-336,VAT: auto-renew expired - auto-renew expired: 1281677548
2023-09-02 0:00:00,etsy,,-3052,Listing fee ($0.20 USD) - Listing #1281677548
2023-09-02 0:00:00,etsy,,-336,VAT: auto-renew expired - auto-renew expired: 1295698077
2023-09-02 0:00:00,etsy,,-3052,Listing fee ($0.20 USD) - Listing #1295698077
2023-09-02 0:00:00,etsy,,-336,VAT: auto-renew expired - auto-renew expired: 1295697849
2023-09-02 0:00:00,etsy,,-3052,Listing fee ($0.20 USD) - Listing #1295697849
2023-09-02 0:00:00,etsy,,-336,VAT: auto-renew expired - auto-renew expired: 1295672719
2023-09-02 0:00:00,etsy,,-3052,Listing fee ($0.20 USD) - Listing #1295672719
2023-09-02 0:00:00,etsy,,-336,VAT: auto-renew expired - auto-renew expired: 1295672451
2023-09-02 0:00:00,etsy,,-3052,Listing fee ($0.20 USD) - Listing #1295672451
2023-09-02 0:00:00,etsy,,-336,VAT: auto-renew expired - auto-renew expired: 1281648508
2023-09-02 0:00:00,etsy,,-3052,Listing fee ($0.20 USD) - Listing #1281648508
2023-09-02 0:00:00,etsy,,-336,VAT: auto-renew expired - auto-renew expired: 1295670705
2023-09-02 0:00:00,etsy,,-3052,Listing fee ($0.20 USD) - Listing #1295670705
2023-09-02 0:00:00,etsy,,-336,VAT: auto-renew expired - auto-renew expired: 1281648336
2023-09-02 0:00:00,etsy,,-3052,Listing fee ($0.20 USD) - Listing #1281648336
2023-09-02 0:00:00,etsy,,-336,VAT: auto-renew expired - auto-renew expired: 1281647858
2023-09-02 0:00:00,etsy,,-3052,Listing fee ($0.20 USD) - Listing #1281647858
2023-09-02 0:00:00,etsy,,-336,VAT: auto-renew expired - auto-renew expired: 1281647454
2023-09-02 0:00:00,etsy,,-336,VAT: auto-renew expired - auto-renew expired: 1281646982
2023-09-02 0:00:00,etsy,,-3052,Listing fee ($0.20 USD) - Listing #1281647454
2023-09-02 0:00:00,etsy,,-336,VAT: auto-renew expired - auto-renew expired: 1281646568
2023-09-02 0:00:00,etsy,,-3052,Listing fee ($0.20 USD) - Listing #1281646982
2023-09-02 0:00:00,etsy,,-3052,Listing fee ($0.20 USD) - Listing #1281646568
2023-09-02 0:00:00,etsy,,-336,VAT: auto-renew expired - auto-renew expired: 1281645620
2023-09-02 0:00:00,etsy,,-3052,Listing fee ($0.20 USD) - Listing #1281645620
2023-09-02 0:00:00,etsy,,-336,VAT: auto-renew expired - auto-renew expired: 1295664631
2023-09-02 0:00:00,etsy,,-3052,Listing fee ($0.20 USD) - Listing #1295664631
2023-09-02 0:00:00,etsy,,-336,VAT: auto-renew expired - auto-renew expired: 1281641656
2023-09-02 0:00:00,etsy,,-3052,Listing fee ($0.20 USD) - Listing #1281641656
2023-09-02 0:00:00,etsy,,-336,VAT: auto-renew expired - auto-renew expired: 1295662955
2023-09-02 0:00:00,etsy,,-3052,Listing fee ($0.20 USD) - Listing #1295662955
2023-09-02 0:00:00,etsy,,-336,VAT: auto-renew expired - auto-renew expired: 1281640116
2023-09-02 0:00:00,etsy,,-3052,Listing fee ($0.20 USD) - Listing #1281640116
2023-09-02 0:00:00,etsy,,-336,VAT: auto-renew expired - auto-renew expired: 1295662143
2023-09-02 0:00:00,etsy,,-3052,Listing fee ($0.20 USD) - Listing #1295662143
2023-09-02 0:00:00,etsy,,-336,VAT: auto-renew expired - auto-renew expired: 1295661647
2023-09-02 0:00:00,etsy,,-3052,Listing fee ($0.20 USD) - Listing #1295661647
2023-09-02 0:00:00,etsy,,-336,VAT: auto-renew expired - auto-renew expired: 1295660663
2023-09-02 0:00:00,etsy,,-3052,Listing fee ($0.20 USD) - Listing #1295660663
2023-09-03 10:08:00,shopee,,-100000,Isi Ulang Saldo Iklan/Koin Penjual
2023-09-03 22:11:23,tokped,INV/20230808/MPL/3390640895,-53775,Pemotongan Biaya Layanan Power Merchant Pro - INV/20230808/MPL/3390640895
2023-09-03 22:11:23,tokped,INV/20230808/MPL/3390640895,1195000,Transaksi Penjualan Berhasil - INV/20230808/MPL/3390640895
2023-09-04 14:47:01,tokped,INV/20230829/MPL/3427745009,-19125,Pemotongan Biaya Layanan Power Merchant Pro - INV/20230829/MPL/3427745009
2023-09-04 14:47:01,tokped,INV/20230829/MPL/3427745009,425000,Transaksi Penjualan Berhasil - INV/20230829/MPL/3427745009
2023-09-11 5:44:00,shopee,230904EKPD0MWF,1340760,Penghasilan dari Pesanan #230904EKPD0MWF
2023-09-12 0:00:00,etsy,,-338,VAT: auto-renew expired - auto-renew expired: 1295705631
2023-09-12 0:00:00,etsy,,-3073,Listing fee ($0.20 USD) - Listing #1295705631
2023-09-16 13:52:24,tokped,INV/20230904/MPL/3440332859,-22950,Pemotongan Biaya Layanan Power Merchant Pro - INV/20230904/MPL/3440332859
2023-09-16 13:52:24,tokped,INV/20230904/MPL/3440332859,510000,Transaksi Penjualan Berhasil - INV/20230904/MPL/3440332859
2023-09-16 16:18:10,tokped,INV/20230901/MPL/3433842768,-76500,Pemotongan Biaya Layanan Power Merchant Pro - INV/20230901/MPL/3433842768
2023-09-16 16:18:10,tokped,INV/20230901/MPL/3433842768,1700000,Transaksi Penjualan Berhasil - INV/20230901/MPL/3433842768
2023-09-21 8:39:00,shopee,,-100000,Isi Ulang Saldo Iklan/Koin Penjual
2023-09-21 15:08:00,shopee,230917K0HB942B,218960,Penghasilan dari Pesanan #230917K0HB942B
2023-09-23 6:50:20,tokped,INV/20230916/MPL/3459820202,-13770,Pemotongan Biaya Layanan Power Merchant Pro - INV/20230916/MPL/3459820202
2023-09-23 6:50:20,tokped,INV/20230916/MPL/3459820202,306000,Transaksi Penjualan Berhasil - INV/20230916/MPL/3459820202
2023-09-23 18:16:23,tokped,,-300000,Penggunaan Saldo Tokopedia untuk pembelian dari Tokopedia Ads. [ID Transaksi: 4165102337]
2023-09-24 20:17:07,tokped,INV/20230830/MPL/3430135652,-26775,Pemotongan Biaya Layanan Power Merchant Pro - INV/20230830/MPL/3430135652
2023-09-24 20:17:07,tokped,INV/20230830/MPL/3430135652,595000,Transaksi Penjualan Berhasil - INV/20230830/MPL/3430135652
2023-09-26 10:20:46,tokped,INV/20230921/MPL/3468300947,-13770,Pemotongan Biaya Layanan Power Merchant Pro - INV/20230921/MPL/3468300947
2023-09-26 10:20:46,tokped,INV/20230921/MPL/3468300947,306000,Transaksi Penjualan Berhasil - INV/20230921/MPL/3468300947
2023-09-29 0:00:00,etsy,,-341,VAT: auto-renew expired - auto-renew expired: 1281694222
2023-09-29 0:00:00,etsy,,-341,VAT: auto-renew expired - auto-renew expired: 1281693462
2023-09-29 0:00:00,etsy,,-341,VAT: auto-renew expired - auto-renew expired: 1281684892
2023-09-29 0:00:00,etsy,,-341,VAT: auto-renew expired - auto-renew expired: 1281684590
2023-09-29 0:00:00,etsy,,-341,VAT: auto-renew expired - auto-renew expired: 1295715645
2023-09-29 0:00:00,etsy,,-341,VAT: auto-renew expired - auto-renew expired: 1295711199
2023-09-29 0:00:00,etsy,,-3099,Listing fee ($0.20 USD) - Listing #1281694222
2023-09-29 0:00:00,etsy,,-341,VAT: auto-renew expired - auto-renew expired: 1295713525
2023-09-29 0:00:00,etsy,,-3099,Listing fee ($0.20 USD) - Listing #1281693462
2023-09-29 0:00:00,etsy,,-341,VAT: auto-renew expired - auto-renew expired: 1281691770
2023-09-29 0:00:00,etsy,,-341,VAT: auto-renew expired - auto-renew expired: 1281691086
2023-09-29 0:00:00,etsy,,-341,VAT: auto-renew expired - auto-renew expired: 1281690392
2023-09-29 0:00:00,etsy,,-3099,Listing fee ($0.20 USD) - Listing #1281684892
2023-09-29 0:00:00,etsy,,-3099,Listing fee ($0.20 USD) - Listing #1281684590
2023-09-29 0:00:00,etsy,,-341,VAT: auto-renew expired - auto-renew expired: 1281689976
2023-09-29 0:00:00,etsy,,-341,VAT: auto-renew expired - auto-renew expired: 1281689696
2023-09-29 0:00:00,etsy,,-3099,Listing fee ($0.20 USD) - Listing #1295715645
2023-09-29 0:00:00,etsy,,-341,VAT: auto-renew expired - auto-renew expired: 1295723515
2023-09-29 0:00:00,etsy,,-341,VAT: auto-renew expired - auto-renew expired: 1281688936
2023-09-29 0:00:00,etsy,,-3099,Listing fee ($0.20 USD) - Listing #1295713525
2023-09-29 0:00:00,etsy,,-341,VAT: auto-renew expired - auto-renew expired: 1281688570
2023-09-29 0:00:00,etsy,,-341,VAT: auto-renew expired - auto-renew expired: 1295712413
2023-09-29 0:00:00,etsy,,-3099,Listing fee ($0.20 USD) - Listing #1295711199
2023-09-29 0:00:00,etsy,,-3099,Listing fee ($0.20 USD) - Listing #1281691770
2023-09-29 0:00:00,etsy,,-341,VAT: auto-renew expired - auto-renew expired: 1295712029
2023-09-29 0:00:00,etsy,,-341,VAT: auto-renew expired - auto-renew expired: 1295728307
2023-09-29 0:00:00,etsy,,-3099,Listing fee ($0.20 USD) - Listing #1281691086
2023-09-29 0:00:00,etsy,,-341,VAT: auto-renew expired - auto-renew expired: 1295708707
2023-09-29 0:00:00,etsy,,-341,VAT: auto-renew expired - auto-renew expired: 1295711603
2023-09-29 0:00:00,etsy,,-341,VAT: auto-renew expired - auto-renew expired: 1295727873
2023-09-29 0:00:00,etsy,,-341,VAT: auto-renew expired - auto-renew expired: 1295727105
2023-09-29 0:00:00,etsy,,-3099,Listing fee ($0.20 USD) - Listing #1281690392
2023-09-29 0:00:00,etsy,,-341,VAT: auto-renew expired - auto-renew expired: 1281704518
2023-09-29 0:00:00,etsy,,-3099,Listing fee ($0.20 USD) - Listing #1281689976
2023-09-29 0:00:00,etsy,,-341,VAT: auto-renew expired - auto-renew expired: 1295721211
2023-09-29 0:00:00,etsy,,-3099,Listing fee ($0.20 USD) - Listing #1281689696
2023-09-29 0:00:00,etsy,,-341,VAT: auto-renew expired - auto-renew expired: 1281698820
2023-09-29 0:00:00,etsy,,-341,VAT: auto-renew expired - auto-renew expired: 1295708001
2023-09-29 0:00:00,etsy,,-3099,Listing fee ($0.20 USD) - Listing #1295723515
2023-09-29 0:00:00,etsy,,-3099,Listing fee ($0.20 USD) - Listing #1281688936
2023-09-29 0:00:00,etsy,,-341,VAT: auto-renew expired - auto-renew expired: 1295720205
2023-09-29 0:00:00,etsy,,-3099,Listing fee ($0.20 USD) - Listing #1281688570
2023-09-29 0:00:00,etsy,,-341,VAT: auto-renew expired - auto-renew expired: 1295719367
2023-09-29 0:00:00,etsy,,-3099,Listing fee ($0.20 USD) - Listing #1295712413
2023-09-29 0:00:00,etsy,,-3099,Listing fee ($0.20 USD) - Listing #1295712029
2023-09-29 0:00:00,etsy,,-3099,Listing fee ($0.20 USD) - Listing #1295728307
2023-09-29 0:00:00,etsy,,-341,VAT: auto-renew expired - auto-renew expired: 1281702642
2023-09-29 0:00:00,etsy,,-341,VAT: auto-renew expired - auto-renew expired: 1295710305
2023-09-29 0:00:00,etsy,,-341,VAT: auto-renew expired - auto-renew expired: 1281701414
2023-09-29 0:00:00,etsy,,-3099,Listing fee ($0.20 USD) - Listing #1295711603
2023-09-29 0:00:00,etsy,,-3099,Listing fee ($0.20 USD) - Listing #1295727873
2023-09-29 0:00:00,etsy,,-3099,Listing fee ($0.20 USD) - Listing #1295708707
2023-09-29 0:00:00,etsy,,-341,VAT: auto-renew expired - auto-renew expired: 1295709993
2023-09-29 0:00:00,etsy,,-3099,Listing fee ($0.20 USD) - Listing #1295727105
2023-09-29 0:00:00,etsy,,-341,VAT: auto-renew expired - auto-renew expired: 1281696666
2023-09-29 0:00:00,etsy,,-3099,Listing fee ($0.20 USD) - Listing #1281704518
2023-09-29 0:00:00,etsy,,-3099,Listing fee ($0.20 USD) - Listing #1281698820
2023-09-29 0:00:00,etsy,,-3099,Listing fee ($0.20 USD) - Listing #1295721211
2023-09-29 0:00:00,etsy,,-341,VAT: auto-renew expired - auto-renew expired: 1281692294
2023-09-29 0:00:00,etsy,,-3099,Listing fee ($0.20 USD) - Listing #1295708001
2023-09-29 0:00:00,etsy,,-3099,Listing fee ($0.20 USD) - Listing #1295720205
2023-09-29 0:00:00,etsy,,-341,VAT: auto-renew expired - auto-renew expired: 1295709739
2023-09-29 0:00:00,etsy,,-341,VAT: auto-renew expired - auto-renew expired: 1281688036
2023-09-29 0:00:00,etsy,,-341,VAT: auto-renew expired - auto-renew expired: 1281699926
2023-09-29 0:00:00,etsy,,-3099,Listing fee ($0.20 USD) - Listing #1295719367
2023-09-29 0:00:00,etsy,,-3099,Listing fee ($0.20 USD) - Listing #1281702642
2023-09-29 0:00:00,etsy,,-341,VAT: auto-renew expired - auto-renew expired: 1295709391
2023-09-29 0:00:00,etsy,,-341,VAT: auto-renew expired - auto-renew expired: 1281699136
2023-09-29 0:00:00,etsy,,-3099,Listing fee ($0.20 USD) - Listing #1295710305
2023-09-29 0:00:00,etsy,,-3099,Listing fee ($0.20 USD) - Listing #1281701414
2023-09-29 0:00:00,etsy,,-341,VAT: auto-renew expired - auto-renew expired: 1295723783
2023-09-29 0:00:00,etsy,,-341,VAT: auto-renew expired - auto-renew expired: 1281687708
2023-09-29 0:00:00,etsy,,-3099,Listing fee ($0.20 USD) - Listing #1295709993
2023-09-29 0:00:00,etsy,,-3099,Listing fee ($0.20 USD) - Listing #1281696666
2023-09-29 0:00:00,etsy,,-341,VAT: auto-renew expired - auto-renew expired: 1281695726
2023-09-29 0:00:00,etsy,,-341,VAT: auto-renew expired - auto-renew expired: 1281686184
2023-09-29 0:00:00,etsy,,-3099,Listing fee ($0.20 USD) - Listing #1281692294
2023-09-29 0:00:00,etsy,,-3099,Listing fee ($0.20 USD) - Listing #1295709739
2023-09-29 0:00:00,etsy,,-3099,Listing fee ($0.20 USD) - Listing #1281699926
2023-09-29 0:00:00,etsy,,-341,VAT: auto-renew expired - auto-renew expired: 1295725191
2023-09-29 0:00:00,etsy,,-3099,Listing fee ($0.20 USD) - Listing #1281688036
2023-09-29 0:00:00,etsy,,-3099,Listing fee ($0.20 USD) - Listing #1295709391
2023-09-29 0:00:00,etsy,,-341,VAT: auto-renew expired - auto-renew expired: 1281685144
2023-09-29 0:00:00,etsy,,-3099,Listing fee ($0.20 USD) - Listing #1281699136
2023-09-29 0:00:00,etsy,,-3099,Listing fee ($0.20 USD) - Listing #1295723783
2023-09-29 0:00:00,etsy,,-3099,Listing fee ($0.20 USD) - Listing #1281687708
2023-09-29 0:00:00,etsy,,-341,VAT: auto-renew expired - auto-renew expired: 1281683604
2023-09-29 0:00:00,etsy,,-3099,Listing fee ($0.20 USD) - Listing #1281695726
2023-09-29 0:00:00,etsy,,-341,VAT: auto-renew expired - auto-renew expired: 1295722259
2023-09-29 0:00:00,etsy,,-3099,Listing fee ($0.20 USD) - Listing #1281686184
2023-09-29 0:00:00,etsy,,-3099,Listing fee ($0.20 USD) - Listing #1295725191
2023-09-29 0:00:00,etsy,,-341,VAT: auto-renew expired - auto-renew expired: 1295717969
2023-09-29 0:00:00,etsy,,-3099,Listing fee ($0.20 USD) - Listing #1281685144
2023-09-29 0:00:00,etsy,,-341,VAT: auto-renew expired - auto-renew expired: 1295716643
2023-09-29 0:00:00,etsy,,-341,VAT: auto-renew expired - auto-renew expired: 1281703540
2023-09-29 0:00:00,etsy,,-3099,Listing fee ($0.20 USD) - Listing #1281683604
2023-09-29 0:00:00,etsy,,-341,VAT: auto-renew expired - auto-renew expired: 1281695536
2023-09-29 0:00:00,etsy,,-3099,Listing fee ($0.20 USD) - Listing #1295722259
2023-09-29 0:00:00,etsy,,-341,VAT: auto-renew expired - auto-renew expired: 1281703292
2023-09-29 0:00:00,etsy,,-3099,Listing fee ($0.20 USD) - Listing #1295717969
2023-09-29 0:00:00,etsy,,-3099,Listing fee ($0.20 USD) - Listing #1295716643
2023-09-29 0:00:00,etsy,,-341,VAT: auto-renew expired - auto-renew expired: 1281694642
2023-09-29 0:00:00,etsy,,-3099,Listing fee ($0.20 USD) - Listing #1281703540
2023-09-29 0:00:00,etsy,,-3099,Listing fee ($0.20 USD) - Listing #1281695536
2023-09-29 0:00:00,etsy,,-341,VAT: auto-renew expired - auto-renew expired: 1295716119
2023-09-29 0:00:00,etsy,,-341,VAT: auto-renew expired - auto-renew expired: 1281696276
2023-09-29 0:00:00,etsy,,-3099,Listing fee ($0.20 USD) - Listing #1281703292
2023-09-29 0:00:00,etsy,,-3099,Listing fee ($0.20 USD) - Listing #1281694642
2023-09-29 0:00:00,etsy,,-341,VAT: auto-renew expired - auto-renew expired: 1281696016
2023-09-29 0:00:00,etsy,,-3099,Listing fee ($0.20 USD) - Listing #1295716119
2023-09-29 0:00:00,etsy,,-3099,Listing fee ($0.20 USD) - Listing #1281696276
2023-09-29 0:00:00,etsy,,-341,VAT: auto-renew expired - auto-renew expired: 1295715897
2023-09-29 0:00:00,etsy,,-341,VAT: auto-renew expired - auto-renew expired: 1295714967
2023-09-29 0:00:00,etsy,,-3099,Listing fee ($0.20 USD) - Listing #1281696016
2023-09-29 0:00:00,etsy,,-3099,Listing fee ($0.20 USD) - Listing #1295715897
2023-09-29 0:00:00,etsy,,-341,VAT: auto-renew expired - auto-renew expired: 1295716907
2023-09-29 0:00:00,etsy,,-3099,Listing fee ($0.20 USD) - Listing #1295714967
2023-09-29 0:00:00,etsy,,-341,VAT: auto-renew expired - auto-renew expired: 1295714479
2023-09-29 0:00:00,etsy,,-3099,Listing fee ($0.20 USD) - Listing #1295716907
2023-09-29 0:00:00,etsy,,-3099,Listing fee ($0.20 USD) - Listing #1295714479
2023-09-29 0:00:00,etsy,,-341,VAT: auto-renew expired - auto-renew expired: 1295713071
2023-09-29 0:00:00,etsy,,-341,VAT: auto-renew expired - auto-renew expired: 1281700224
2023-09-29 0:00:00,etsy,,-3099,Listing fee ($0.20 USD) - Listing #1281700224
2023-09-29 0:00:00,etsy,,-3099,Listing fee ($0.20 USD) - Listing #1295713071
2023-09-29 0:00:00,etsy,,-341,VAT: auto-renew expired - auto-renew expired: 1295714283
2023-09-29 0:00:00,etsy,,-3099,Listing fee ($0.20 USD) - Listing #1295714283
2023-09-29 0:00:00,etsy,,-341,VAT: auto-renew expired - auto-renew expired: 1281701694
2023-09-29 0:00:00,etsy,,-3099,Listing fee ($0.20 USD) - Listing #1281701694
2023-09-29 0:00:00,etsy,,-341,VAT: auto-renew expired - auto-renew expired: 1281698108
2023-09-29 0:00:00,etsy,,-3099,Listing fee ($0.20 USD) - Listing #1281698108
2023-09-29 0:00:00,etsy,,-341,VAT: auto-renew expired - auto-renew expired: 1281697670
2023-09-29 0:00:00,etsy,,-3099,Listing fee ($0.20 USD) - Listing #1281697670
2023-09-29 0:00:00,etsy,,-341,VAT: auto-renew expired - auto-renew expired: 1281697002
2023-09-29 0:00:00,etsy,,-3099,Listing fee ($0.20 USD) - Listing #1281697002
2023-09-29 0:00:00,etsy,,-341,VAT: auto-renew expired - auto-renew expired: 1281694486
2023-09-29 0:00:00,etsy,,-3099,Listing fee ($0.20 USD) - Listing #1281694486